{
    "version": 1,
    "author": "putra tv",
    "editor": "wokwi",
    "parts": [
      { "type": "board-esp32-devkit-c-v4", "id": "esp", "top": 115.2, "left": 403.2, "attrs": {} },
      { "type": "wokwi-relay-module", "id": "relay1", "top": 19.4, "left": 528, "attrs": {} },
      {
        "type": "wokwi-pushbutton",
        "id": "btn1",
        "top": 121.4,
        "left": 556.8,
        "attrs": { "color": "green", "xray": "1" }
      },
      {
        "type": "wokwi-led",
        "id": "led1",
        "top": 226.8,
        "left": 560.6,
        "attrs": { "color": "red" }
      }
    ],
    "connections": [
      [ "esp:TX", "$serialMonitor:RX", "", [] ],
      [ "esp:RX", "$serialMonitor:TX", "", [] ],
      [ "led1:C", "esp:GND.2", "green", [ "v-124.8", "h-76.4" ] ],
      [ "led1:A", "esp:18", "green", [ "v-48", "h-76.8" ] ],
      [ "btn1:1.l", "esp:19", "green", [ "h0" ] ],
      [ "btn1:2.l", "esp:GND.2", "green", [ "h-48", "v-9.4" ] ],
      [ "relay1:VCC", "esp:3V3", "red", [ "h0" ] ],
      [ "relay1:GND", "esp:GND.2", "black", [ "h-28.8", "v95.6" ] ],
      [ "relay1:IN", "esp:23", "green", [ "h-28.8", "v95.8" ] ]
    ],
    "dependencies": {}
  }